{
  "ABIRoot": {
    "kind": "Root",
    "name": "TopLevel",
    "printedName": "TopLevel",
    "children": [
      {
        "kind": "Import",
        "name": "Foundation",
        "printedName": "Foundation",
        "declKind": "Import",
        "moduleName": "Multiplication",
        "declAttributes": [
          "RawDocComment"
        ]
      },
      {
        "kind": "TypeDecl",
        "name": "Multiply",
        "printedName": "Multiply",
        "children": [
          {
            "kind": "Var",
            "name": "shared",
            "printedName": "shared",
            "children": [
              {
                "kind": "TypeNominal",
                "name": "Multiply",
                "printedName": "Multiplication.Multiply",
                "usr": "s:14Multiplication8MultiplyC"
              }
            ],
            "declKind": "Var",
            "usr": "s:14Multiplication8MultiplyC6sharedACvpZ",
            "mangledName": "$s14Multiplication8MultiplyC6sharedACvpZ",
            "moduleName": "Multiplication",
            "static": true,
            "declAttributes": [
              "HasInitialValue",
              "Final",
              "HasStorage",
              "AccessControl"
            ],
            "isLet": true,
            "hasStorage": true,
            "accessors": [
              {
                "kind": "Accessor",
                "name": "Get",
                "printedName": "Get()",
                "children": [
                  {
                    "kind": "TypeNominal",
                    "name": "Multiply",
                    "printedName": "Multiplication.Multiply",
                    "usr": "s:14Multiplication8MultiplyC"
                  }
                ],
                "declKind": "Accessor",
                "usr": "s:14Multiplication8MultiplyC6sharedACvgZ",
                "mangledName": "$s14Multiplication8MultiplyC6sharedACvgZ",
                "moduleName": "Multiplication",
                "static": true,
                "implicit": true,
                "declAttributes": [
                  "Final"
                ],
                "accessorKind": "get"
              }
            ]
          },
          {
            "kind": "Function",
            "name": "multiply",
            "printedName": "multiply(a:b:)",
            "children": [
              {
                "kind": "TypeNominal",
                "name": "Int",
                "printedName": "Swift.Int",
                "usr": "s:Si"
              },
              {
                "kind": "TypeNominal",
                "name": "Int",
                "printedName": "Swift.Int",
                "usr": "s:Si"
              },
              {
                "kind": "TypeNominal",
                "name": "Int",
                "printedName": "Swift.Int",
                "usr": "s:Si"
              }
            ],
            "declKind": "Func",
            "usr": "s:14Multiplication8MultiplyC8multiply1a1bS2i_SitF",
            "mangledName": "$s14Multiplication8MultiplyC8multiply1a1bS2i_SitF",
            "moduleName": "Multiplication",
            "declAttributes": [
              "AccessControl"
            ],
            "funcSelfKind": "NonMutating"
          }
        ],
        "declKind": "Class",
        "usr": "s:14Multiplication8MultiplyC",
        "mangledName": "$s14Multiplication8MultiplyC",
        "moduleName": "Multiplication",
        "declAttributes": [
          "AccessControl"
        ],
        "hasMissingDesignatedInitializers": true
      }
    ],
    "json_format_version": 8
  },
  "ConstValues": []
}