{
  "ABIRoot": {
    "kind": "Root",
    "name": "TopLevel",
    "printedName": "TopLevel",
    "children": [
      {
        "kind": "Import",
        "name": "Foundation",
        "printedName": "Foundation",
        "declKind": "Import",
        "moduleName": "Addition",
        "declAttributes": [
          "RawDocComment"
        ]
      },
      {
        "kind": "TypeDecl",
        "name": "Add",
        "printedName": "Add",
        "children": [
          {
            "kind": "Var",
            "name": "shared",
            "printedName": "shared",
            "children": [
              {
                "kind": "TypeNominal",
                "name": "Add",
                "printedName": "Addition.Add",
                "usr": "s:8Addition3AddC"
              }
            ],
            "declKind": "Var",
            "usr": "s:8Addition3AddC6sharedACvpZ",
            "mangledName": "$s8Addition3AddC6sharedACvpZ",
            "moduleName": "Addition",
            "static": true,
            "declAttributes": [
              "HasInitialValue",
              "Final",
              "HasStorage",
              "AccessControl"
            ],
            "isLet": true,
            "hasStorage": true,
            "accessors": [
              {
                "kind": "Accessor",
                "name": "Get",
                "printedName": "Get()",
                "children": [
                  {
                    "kind": "TypeNominal",
                    "name": "Add",
                    "printedName": "Addition.Add",
                    "usr": "s:8Addition3AddC"
                  }
                ],
                "declKind": "Accessor",
                "usr": "s:8Addition3AddC6sharedACvgZ",
                "mangledName": "$s8Addition3AddC6sharedACvgZ",
                "moduleName": "Addition",
                "static": true,
                "implicit": true,
                "declAttributes": [
                  "Final"
                ],
                "accessorKind": "get"
              }
            ]
          },
          {
            "kind": "Function",
            "name": "add",
            "printedName": "add(a:b:)",
            "children": [
              {
                "kind": "TypeNominal",
                "name": "Int",
                "printedName": "Swift.Int",
                "usr": "s:Si"
              },
              {
                "kind": "TypeNominal",
                "name": "Int",
                "printedName": "Swift.Int",
                "usr": "s:Si"
              },
              {
                "kind": "TypeNominal",
                "name": "Int",
                "printedName": "Swift.Int",
                "usr": "s:Si"
              }
            ],
            "declKind": "Func",
            "usr": "s:8Addition3AddC3add1a1bS2i_SitF",
            "mangledName": "$s8Addition3AddC3add1a1bS2i_SitF",
            "moduleName": "Addition",
            "declAttributes": [
              "AccessControl"
            ],
            "funcSelfKind": "NonMutating"
          },
          {
            "kind": "Function",
            "name": "addD",
            "printedName": "addD(a:b:)",
            "children": [
              {
                "kind": "TypeNominal",
                "name": "Double",
                "printedName": "Swift.Double",
                "usr": "s:Sd"
              },
              {
                "kind": "TypeNominal",
                "name": "Double",
                "printedName": "Swift.Double",
                "usr": "s:Sd"
              },
              {
                "kind": "TypeNominal",
                "name": "Double",
                "printedName": "Swift.Double",
                "usr": "s:Sd"
              }
            ],
            "declKind": "Func",
            "usr": "s:8Addition3AddC4addD1a1bS2d_SdtF",
            "mangledName": "$s8Addition3AddC4addD1a1bS2d_SdtF",
            "moduleName": "Addition",
            "declAttributes": [
              "AccessControl"
            ],
            "funcSelfKind": "NonMutating"
          }
        ],
        "declKind": "Class",
        "usr": "s:8Addition3AddC",
        "mangledName": "$s8Addition3AddC",
        "moduleName": "Addition",
        "declAttributes": [
          "AccessControl"
        ],
        "hasMissingDesignatedInitializers": true
      }
    ],
    "json_format_version": 8
  },
  "ConstValues": []
}